{
  "hash": "0a750cb0",
  "configHash": "6579086f",
  "lockfileHash": "ae73502a",
  "browserHash": "36cff488",
  "optimized": {
    "@angular/core": {
      "src": "../../../../../../node_modules/@angular/core/fesm2022/core.mjs",
      "file": "@angular_core.js",
      "fileHash": "dda69c6d",
      "needsInterop": false
    },
    "@angular/platform-browser": {
      "src": "../../../../../../node_modules/@angular/platform-browser/fesm2022/platform-browser.mjs",
      "file": "@angular_platform-browser.js",
      "fileHash": "c0168603",
      "needsInterop": false
    },
    "@angular/router": {
      "src": "../../../../../../node_modules/@angular/router/fesm2022/router.mjs",
      "file": "@angular_router.js",
      "fileHash": "40ab5a2a",
      "needsInterop": false
    },
    "@angular/forms": {
      "src": "../../../../../../node_modules/@angular/forms/fesm2022/forms.mjs",
      "file": "@angular_forms.js",
      "fileHash": "cb32e1fe",
      "needsInterop": false
    },
    "@angular/common": {
      "src": "../../../../../../node_modules/@angular/common/fesm2022/common.mjs",
      "file": "@angular_common.js",
      "fileHash": "7cf94ab9",
      "needsInterop": false
    },
    "@angular/common/http": {
      "src": "../../../../../../node_modules/@angular/common/fesm2022/http.mjs",
      "file": "@angular_common_http.js",
      "fileHash": "b18f0af1",
      "needsInterop": false
    }
  },
  "chunks": {
    "chunk-VWKJYYZX": {
      "file": "chunk-VWKJYYZX.js"
    },
    "chunk-JAH7JRKJ": {
      "file": "chunk-JAH7JRKJ.js"
    },
    "chunk-ALFVIJQR": {
      "file": "chunk-ALFVIJQR.js"
    },
    "chunk-636JCMZ5": {
      "file": "chunk-636JCMZ5.js"
    },
    "chunk-45IBMDGJ": {
      "file": "chunk-45IBMDGJ.js"
    }
  }
}